cid,text,time,author,channel,votes,photo,heart
UgzwFq-GHbgEf142oxt4AaABAg,"Hi Everyone, I hope that everyone will enjoy this course, Here's how you can help me:- 
Be Sure to Subscribe Newera for Further Courses:- https://youtube.com/c/neweraa/?sub_confirmation=1 
A Brand New Deep Learning Course is Coming On Newera, So After Completing ML001, You can watch that too.

You can watch the same course here:- https://www.youtube.com/playlist?list=PLITqwrDNk9XDyoAoVbXKbgRBMJK5NrQcB  
( All the Updates, Announcements will be made here only ) 

You can know more or connect with me on social media handles below:- 
An Intro video about me:- https://youtu.be/3ytbVJ930E4 
Linkedin:-  https://www.linkedin.com/in/ayush-singh488/
Instagram:-  https://www.instagram.com/intelligentprogrammer123/
Twitter:- https://twitter.com/AyushSi69507942 
Discord to ask question:- https://discord.gg/FDUy8BmV  
Antern:- antern.co",7 months ago,Newera,UC_sl8H2k4xC9RLqyHsnDkcA,256,https://yt3.ggpht.com/h_pAhp1zCDKTlesrjN__Eg1UqClU53rUqlvO_1MKCDx3T-WOBdVHSKFddvjkz4FOdG6h3z65=s176-c-k-c0x00ffffff-no-rj,True
Ugyv-PY-6vBBx6yEWG94AaABAg,"The kid's 15. My god, look at the teaching skills and confidence at such age while delivering one of the hardest courses. He is gonna reach great heights âœŒï¸âœŒï¸",7 months ago,Yeshwanth Prabhala,UCcZ46zBk3-qsMdaGZUouZNw,1.8K,https://yt3.ggpht.com/ytc/AKedOLSv35tO0TJOINqNpP7P0V34vOwndc006w4XCnKjNg=s176-c-k-c0x00ffffff-no-rj,False
UgzR8wWbmPWVlvqB9Cx4AaABAg,this is how you get 18 years of experience at the age of 20,6 months ago,Abhigyan Verma,UCWwtypx0nR8qB0bKW55Eb2Q,1.3K,https://yt3.ggpht.com/ytc/AKedOLSvVWj8VG5dtCMmbf_BO-J9Y4tzrEcAcI85EdT3qw=s176-c-k-c0x00ffffff-no-rj,False
UgyAH491zXX6GxtCrhZ4AaABAg,"0:00Â Â Â Â Â Â  -Â  Intro
4:34Â Â Â Â Â Â  -Â  Fundamentals of ML
25:22Â Â Â Â  -Â  Supervised VS Unsupervised 
35:39Â Â Â Â  -Â  Linear Regression
1:07:06Â  -Â  Logistic Regression
1:24:12Â  -Â  Project: House price predictor
1:45:16Â  -Â  Regularization
2:01:12Â  -Â  Support vector machines
2:29:55Â  -Â  Project: Stock price predictor
3:05:55Â  -Â  Principal component analysis 
3:29:14Â  -Â  Learning theory
3:47:38Â  -Â  Decision trees
4:58:19Â  -Â  Ensemble learning
5:53:28Â  -Â  Boosting, pt 1
6:11:16Â  -Â  Boosting, pt 2
6:44:10Â  -Â  Stacking Ensemble Learning
7:09:52Â  -Â  Unsupervised Learning, pt 1
7:26:58Â  -Â  Unsupervised Learning, pt 2
7:55:16Â  -Â  K-Means
8:20:21Â  -Â  Hierarchical Clustering
8:50:28Â  -Â  Project: Heart failure prediction
9:33:29Â  -Â  Project: Spam/Ham Detector



please, enjoy!",7 months ago,Who am I Â¿,UCg-rZCni3RGrAPRiKtk_VTg,402,https://yt3.ggpht.com/ytc/AKedOLTAINdbT5WQ9E0AMIqr3BeNiCl1GS2wAu_b7n5B=s176-c-k-c0x00ffffff-no-rj,False
Ugxo-pdMuRsZ8PhePAZ4AaABAg,"As someone who is looking to break into this field, as an entrepreneur, and as a husband and a father, you are truly an inspiration. What you are doing is incredible and I wholeheartedly support you. Keep going. You are the future.",3 months ago,ivlivs.c,UCHfQwvh4KK3Mr6sFppuS_lw,40,https://yt3.ggpht.com/1-bsRQIXgyEvB_R4n95-9UUuN97rqNHRC118c-GBYfzT2ikc8D4nsd7Gxu1zFuHBCuAfjtVY-8c=s176-c-k-c0x00ffffff-no-rj,False
Ugy5dVWAXuvNldUU9CF4AaABAg,"The whole course is so comprehensive , thank you! This 9+ hours of knowledge tsunami actually represents a higher quality of teaching than some university courses in the same topic :D",7 months ago,Kovacs Arpad,UCU4iE5RL3-1-Bp-k3KojEbg,116,https://yt3.ggpht.com/ytc/AKedOLR2tPM7Ypl5Ty8Ol5d-W06UsILj-JILOnX5fg=s176-c-k-c0x00ffffff-no-rj,False
UgypgAZ96NluJCwNgip4AaABAg,"In LInear Regression , the cost funtion is 1/m * (summation of square of difference between ground value and predicted value).But in the tutorial you wrote 1/m + (summation part). Change it. Other than that your video is awesome.",1 month ago,khabilan somasundaram,UCL5FQS7W8VRhWJsz9aYB5pQ,10,https://yt3.ggpht.com/ytc/AKedOLRknw1WQcm6RUfaGAkT4aHrxNnRN58XVQu23DSn=s176-c-k-c0x00ffffff-no-rj,False
UgxzKQZGGebwpnJJdi14AaABAg,"I have a little question, in the whole calculation of RMSE in linear regression , why are we addting 1/m instead of multiplying it by 1/m. Even if we consider the units of the entities, we are trying to add a number with distance .",6 months ago (edited),Harshita Singh,UCXDfHr47zifhraEQbqJ9fhQ,47,https://yt3.ggpht.com/ytc/AKedOLTh-eaUvPTQQjvrDKBxd_Oa9wcsWN8lTCAYOYOB4fg=s176-c-k-c0x00ffffff-no-rj,False
UgxfyoX6cvkF5pnfCRV4AaABAg,"My mind is just blownğŸ¤¯ğŸ¤¯ğŸ¤¯, 15 year old is just rocked the tutorial. Formal way of education it at high threatğŸ˜‚ğŸ˜‚ğŸ˜‚, which is a good sign. A huge applause to this 15 year LEGENDğŸ‘ğŸ‘ğŸ‘, for proving that age doesn't matter to learn anything.",7 months ago,srikanth,UCbOsDDjOwVimkHKkQ5gb_1Q,201,https://yt3.ggpht.com/ytc/AKedOLShf6pqU0DOq8apZdir9QHw2WxpdH8yb0JtOsOAyeL9Na743nBP0gEjkcaw-NUx=s176-c-k-c0x00ffffff-no-rj,False
UgxcrHnheEB5a0Kqhch4AaABAg,"Seeing such a young kid with those skills, makes me proud of him and sad about me ğŸ˜­",7 months ago,Sam,UCCWNWKUsUi9BzYRJRYsb4pw,558,https://yt3.ggpht.com/ytc/AKedOLSAyVP4Bf6ltYcRuLPRjKcoKreoNYkA-pM1jU8U=s176-c-k-c0x00ffffff-no-rj,False
UgzHBv0h0mBsBC8jyhh4AaABAg,"Having done machine learning in the past year, this was actually a really good revision.",2 months ago,Harry Guanous,UClE4vy2D0RID9rZfMejHAjQ,4,https://yt3.ggpht.com/ytc/AKedOLTVbACQwqYcOaheeAbSBDB1S6QFgVj3vPJY_8DJ=s176-c-k-c0x00ffffff-no-rj,False
UgyELglKVyTk2lRa1wp4AaABAg,"Hi Op, my question is regarding the challenge of dealing with datasets in my project . The feature set contains about 40 columns from merging10 csv files to train my model. But the test dataset contains just 2 columns including the target column. So each time I try to make classification on the target column I get a failure notice telling me that my training and test shape are not the same.Â 


How can I make my model to make prediction based on the test dataset given to me? Or how can I adapt my test dataset to conform to the training dataset in shape in order to run my program?",2 months ago,Aiziko,UC03qmp6zHmt-mKpG8u7A5fw,1,https://yt3.ggpht.com/--sVIX1EYjqwzvbzdgdH9svXdT66-ny2bswBkKvFTE5kmiY6ZuRLuYW3p-uNoXFcqwy-7LdR=s176-c-k-c0x00ffffff-no-rj,False
UgxF4BIiLnJGZctKrtl4AaABAg,I've just started ML (supervised) at the age of 21 after having a mathematical degree. I feel ashamed after watching this video but happy cuz this guy explains things better than my PhD teacher .,2 months ago,Oh Geez,UCTE50iQkhNlRr3r94ASC6hA,13,https://yt3.ggpht.com/ytc/AKedOLR6_7zQqwzubhAMcQCUWFEFLpc8VVJpHxQUlliFPA=s176-c-k-c0x00ffffff-no-rj,False
UgxTmR9W650MwtMYHWF4AaABAg,I definitely learnt more ML in this video than during my whole year in Master's degree!,6 months ago,Raphael Taieb,UCjQntRXfNm8MZNp7-Oderhg,28,https://yt3.ggpht.com/ytc/AKedOLRMAJiuJYXaTOjRNLDDpsAO-SiZ3a74d-cIAg=s176-c-k-c0x00ffffff-no-rj,False
UgygMicc09BU7UjbD5J4AaABAg,I canâ€™t believe I'm learning from a kid. Honestly I'm amazed and I'm really happy to learn from him.,7 months ago (edited),ReVe,UCZnQBZkyRLAYTFpG_mWjkiA,64,https://yt3.ggpht.com/ytc/AKedOLRTodUHxraAR-x-qSHCR9JCfv3t8aHBKOJ1-3UA=s176-c-k-c0x00ffffff-no-rj,False
UgwIKUZ2GO-7KpgEY2R4AaABAg,Perfect example of age doesn't matter if you have knowledge <3. Nicely done bro,7 months ago,Md. Yasin Arafath Piyal,UCunlmAFe-BFPGS9-VmDPdbQ,26,https://yt3.ggpht.com/ytc/AKedOLRJ4cweDIHEtVWJnV5QFxIPkP6vGY_H7r5iekFNMg=s176-c-k-c0x00ffffff-no-rj,False
UgzN3a3Pp43drA8cyUJ4AaABAg,WOW I really needed this course for this semester and it just pops up at the perfect moment,7 months ago,los,UCvPwZ1GAcWvfRJAOH39Vtbg,35,https://yt3.ggpht.com/ytc/AKedOLQG1t49qHQDDOSjCqrjTTr1UErnD3Ey2kVRgw=s176-c-k-c0x00ffffff-no-rj,False
UgxoeHw8jFas88qKnN94AaABAg,"Its awesome bruh, you killed it and no doubt Indian teachers are fantastic and their way of teaching is different but easiest one...Gratitude Newera",6 months ago,Noman Malik,UCkumC4MKULzfb18h8KyIurw,5,https://yt3.ggpht.com/ytc/AKedOLSoU3QtIMDZ-auYztkowS4rMTKjZctrDxflhBxT=s176-c-k-c0x00ffffff-no-rj,False
Ugyec-IK6LzPKF1EahZ4AaABAg,Now a fetus teaching quantum mechanics please,7 months ago,Sorubro,UCe7eCZmJTjm1ymaB7i-urSA,780,https://yt3.ggpht.com/ytc/AKedOLQfCbJmU5mUUpajyXNZW7y7s23ZFtHMTpbeGA1S3w=s176-c-k-c0x00ffffff-no-rj,False
UgyyoQkvXhRDhlGjVyh4AaABAg,"Need to find a new definition for 'generation gap', awesome ğŸ‘",7 months ago,Rajesh Radhakrishnan,UCmhlKXoLePj9n98xDVeNj9w,11,https://yt3.ggpht.com/ytc/AKedOLRdto-H91hQdg3P1YdrfK5MpNLBktXCYgaouNiXPg=s176-c-k-c0x00ffffff-no-rj,False
UgzwFq-GHbgEf142oxt4AaABAg.9RaOx-q5IHM9Rhwx6gNDLB,Where could I find the dataset for the Projects??,7 months ago,Kushal Banda,UCDWYvcBWx0en31UydluhoGg,0,https://yt3.ggpht.com/ytc/AKedOLSwf7vG_pA4q2pwXAB6BkVVmjf5XkdKURLJNA=s176-c-k-c0x00ffffff-no-rj,False
UgzwFq-GHbgEf142oxt4AaABAg.9RaOx-q5IHM9RiHkrVMGLE,"Â @Kushal BandaÂ  dataset are told in the video only, see how I taken the dataset using api and prepared the data.",7 months ago (edited),Newera,UC_sl8H2k4xC9RLqyHsnDkcA,0,https://yt3.ggpht.com/h_pAhp1zCDKTlesrjN__Eg1UqClU53rUqlvO_1MKCDx3T-WOBdVHSKFddvjkz4FOdG6h3z65=s176-c-k-c0x00ffffff-no-rj,False
UgzwFq-GHbgEf142oxt4AaABAg.9RaOx-q5IHM9RoOTx7Dfmv,"When I was your age, I was figuring out what the heck I was doing in turbo c in school.",6 months ago,Mihir Singh Yadav,UCXRN_OZmWUpUtnNtb53CduA,0,https://yt3.ggpht.com/ytc/AKedOLQRyRGMVtxOK2H-rIWLD4BxG4a1e7SwXqhE-BWgaA=s176-c-k-c0x00ffffff-no-rj,False
UgzwFq-GHbgEf142oxt4AaABAg.9RaOx-q5IHM9RrB_dn7sUI,thanks you so much. Wish you healthy and success :),6 months ago,NATSU DRAGONEEL,UCD0trv7nJIJ5SQtaLriF2DA,0,https://yt3.ggpht.com/ytc/AKedOLRIJsENfsAmGFv1Wh7gOnjLAy5YmiQmPU4NDqdE=s176-c-k-c0x00ffffff-no-rj,False
UgzwFq-GHbgEf142oxt4AaABAg.9RaOx-q5IHM9RxOlEdwjTC,I can't seem to find the notebooks used in this tutorial. Can anyone help me?,6 months ago (edited),Akash Manoj Choudhary,UC33_w6E2iTk-ekGqjFOUd9A,0,https://yt3.ggpht.com/ytc/AKedOLR7i65Jd-R96ApIQotNoe7fZh9Oil2mdGaP8A=s176-c-k-c0x00ffffff-no-rj,False
UgzwFq-GHbgEf142oxt4AaABAg.9RaOx-q5IHM9RxSbEmSDb9,"Â @Akash Manoj ChoudharyÂ  See the github under Notebooks used in this course folder, just now added,",6 months ago,Newera,UC_sl8H2k4xC9RLqyHsnDkcA,0,https://yt3.ggpht.com/h_pAhp1zCDKTlesrjN__Eg1UqClU53rUqlvO_1MKCDx3T-WOBdVHSKFddvjkz4FOdG6h3z65=s176-c-k-c0x00ffffff-no-rj,False
UgzwFq-GHbgEf142oxt4AaABAg.9RaOx-q5IHM9S216JkeAaG,Please how can I get the problem sets?,6 months ago,Ackun Ekow Daniel,UC46M82INwRlAf1vtjUeTCkw,0,https://yt3.ggpht.com/ytc/AKedOLS3m4jy8OUr3ZLluuKPZjk8SNFw9daVVAb-P80o=s176-c-k-c0x00ffffff-no-rj,False
UgzwFq-GHbgEf142oxt4AaABAg.9RaOx-q5IHM9S22Ealtfg8,Â @Ackun Ekow DanielÂ  See the Github of this course,6 months ago,Newera,UC_sl8H2k4xC9RLqyHsnDkcA,0,https://yt3.ggpht.com/h_pAhp1zCDKTlesrjN__Eg1UqClU53rUqlvO_1MKCDx3T-WOBdVHSKFddvjkz4FOdG6h3z65=s176-c-k-c0x00ffffff-no-rj,False
UgzwFq-GHbgEf142oxt4AaABAg.9RaOx-q5IHM9S4jNbuj37w,"Good Approach, unfortunately you are making a lot of mistakes in terms of details of the statistical methods and that is the very basics of machine learning so you should get yourself some training before teaching errors to others!",6 months ago,Nils Meyer,UCtPFCY0CYSX1st6KjwCE1kQ,0,https://yt3.ggpht.com/ytc/AKedOLRj1MrUKHIzRM6or8FDd8_BjRZZhL2ldkz6fgGl5KFafGZSR3oZqUSRrgDMSrHM=s176-c-k-c0x00ffffff-no-rj,False
UgzwFq-GHbgEf142oxt4AaABAg.9RaOx-q5IHM9S5dqN2XHoC,"Â @Nils MeyerÂ  Hi, Whatever Mistakes are Made are Non-Intentional, However Whatever Mistakes are Made are on The Errata Page on Github, so if you find errata which is not listed on that page. 
Jealousy what I can see, 4 mistakes are lot of? OMG, Plz Don't Misguide others",6 months ago,Newera,UC_sl8H2k4xC9RLqyHsnDkcA,0,https://yt3.ggpht.com/h_pAhp1zCDKTlesrjN__Eg1UqClU53rUqlvO_1MKCDx3T-WOBdVHSKFddvjkz4FOdG6h3z65=s176-c-k-c0x00ffffff-no-rj,False
UgzwFq-GHbgEf142oxt4AaABAg.9RaOx-q5IHM9SMktRVfVNi,Thank you!,6 months ago,Kashod Cagnolatti,UC0lcvxL1KIknUli9Ooiln9Q,0,https://yt3.ggpht.com/ytc/AKedOLQJV3Y7RsSxSv2X42lnn4cXpjaDdRMcmmDuqzF_hw=s176-c-k-c0x00ffffff-no-rj,False
UgzwFq-GHbgEf142oxt4AaABAg.9RaOx-q5IHM9STymGEsviT,"Â @fake garlicÂ  Hey, I will completely disagree with you on some points, 
Firstly Watch the Sections and Then Tell Anything, You folks are just seeing some parts and coming to the comments part and spreading misconception, now let me clear your points, The course titled is ""ML for Beginners"", So, I explained SVM In very much In-depth even In very layman terms but still some last parts are bit confusing because it is for beginners and usually SVM is retaught more in depth when we study ML In Advanced, So better be reading the titles and course content rather than passing the judgement of yours.  

and from your second point my doubt totally cleared that you have watch only some minutes and then been jealous or offended and came in comment, y_i is taught in starting notations part where it is ground truth and y_hat is model output. 
and about being summation, regularization term, these are taught in depth derivation of each equation graphically which is mostly not taught, Idk why people come in comment and misguide others. 

I know you're someone who sells ML courses and seeing such a great content spreading misguidance and do you know after teaching the theory part only I go to the implementation from scratch and with library.  

Some Errors which is done are already Listed on Errata Page of this course, I am human not a someone else, Mistakes are made by me as well, but I corrected by making a errata page. and about being Gradient descent, Should I laugh on this? in Starting I spent lot of amount of time in starting talking about Gradient descent, so better to see that and I also highlighted one error over here in Errata Page.  

And About Math Skills,  I accept my some mistakes in starting that I made by myself and already highlighted before someone says. and about my handwriting Sometimes my handwriting goes well sometimes not, so I use Huion Tab, I have bit difficulty but still I am trying. 

And Now I have Clarified Everything, People, You people pass judgement without knowing the context. About Your Presentation skills, I saw in your comment, not even readable.",6 months ago (edited),Newera,UC_sl8H2k4xC9RLqyHsnDkcA,1,https://yt3.ggpht.com/h_pAhp1zCDKTlesrjN__Eg1UqClU53rUqlvO_1MKCDx3T-WOBdVHSKFddvjkz4FOdG6h3z65=s176-c-k-c0x00ffffff-no-rj,False
UgzwFq-GHbgEf142oxt4AaABAg.9RaOx-q5IHM9SUM4gGHyn8,"Â @fake garlicÂ  Congrats, Keep Making Money and Have this Same Attitude towards anyone, do you know In India we call it ""Paisa ka Khamand aur ye Jyada din nahi rehta""",6 months ago,Newera,UC_sl8H2k4xC9RLqyHsnDkcA,0,https://yt3.ggpht.com/h_pAhp1zCDKTlesrjN__Eg1UqClU53rUqlvO_1MKCDx3T-WOBdVHSKFddvjkz4FOdG6h3z65=s176-c-k-c0x00ffffff-no-rj,False
UgzwFq-GHbgEf142oxt4AaABAg.9RaOx-q5IHM9TvN-PNjO1J,Kindly mention the Learning track for absolute beginners,5 months ago,Ahmed Rehan,UCDOjfB33SmvSVS2Vtm6v1Iw,0,https://yt3.ggpht.com/ytc/AKedOLQpZ11eCAwY3KQHwoloTsUR3_7PMXgKf3d2XG7SAQ=s176-c-k-c0x00ffffff-no-rj,False
UgzwFq-GHbgEf142oxt4AaABAg.9RaOx-q5IHM9U0CQ8ny-Hg,Â @rick sanchezÂ  Very good point. My only criticism is the use of script on the whiteboard - not easy to read particularly for someone whose first language is not English.,5 months ago,Ian Carr,UCQZ-lkx4mWinGrr5ktLvUQA,0,https://yt3.ggpht.com/ytc/AKedOLR8Izxi6vSxdd1_BBtTY9H9KFXHpqb74qRyGQ=s176-c-k-c0x00ffffff-no-rj,False
UgzwFq-GHbgEf142oxt4AaABAg.9RaOx-q5IHM9W4e_nvs6CU,How old are you Mate? Omg I feel i'm really dumb right now. ğŸ˜‚,3 months ago,Nur Yasin,UCTEZV5GDBtnciymtdG42YFw,0,https://yt3.ggpht.com/ytc/AKedOLSD_nHtkIyvfUiar_OFactYPlQrPefKE6mEFA=s176-c-k-c0x00ffffff-no-rj,False
UgzwFq-GHbgEf142oxt4AaABAg.9RaOx-q5IHM9W4g8BIFFdt,"Â @Nur YasinÂ  mmm, I think 14!!!",3 months ago,Newera,UC_sl8H2k4xC9RLqyHsnDkcA,0,https://yt3.ggpht.com/h_pAhp1zCDKTlesrjN__Eg1UqClU53rUqlvO_1MKCDx3T-WOBdVHSKFddvjkz4FOdG6h3z65=s176-c-k-c0x00ffffff-no-rj,False
UgzwFq-GHbgEf142oxt4AaABAg.9RaOx-q5IHM9Ylz3QASd7K,The practical part of SVM does not show the application of hyperplane. I think you should do a classification example for SVM too. I don't see any hyperplane in regression example.,1 month ago,cheese cake,UCGMARi1Dg6LuUA3XWUQpU5A,0,https://yt3.ggpht.com/ytc/AKedOLRnTbZWYO67VEzBe5j_IU-CcJ-F5lOeUrN66r5tQXY=s176-c-k-c0x00ffffff-no-rj,False
Ugyv-PY-6vBBx6yEWG94AaABAg.9RfKGJ5jTnM9RfLMrUUs1y,For real.,7 months ago,Anthony Edwards,UCLHbNTRZpiw4PZqgByeZeRA,14,https://yt3.ggpht.com/ytc/AKedOLRkKu-dy86AYMX_o4dsajyA-91hVDsKMJJQOtpYiw=s176-c-k-c0x00ffffff-no-rj,False
Ugyv-PY-6vBBx6yEWG94AaABAg.9RfKGJ5jTnM9RfXVsv_MOs,"And then there is me, a 22 year old CS majors learning from a 15 year old master. This is a proof that age is just a number, hats off to this guy may he fulfill all his dreams",7 months ago,Relaxing Ambient Music,UC10Ji_Vd61-3c-weELLlzcQ,191,https://yt3.ggpht.com/Kuj-Xsl9b_yTeVhq07nNsTo7jC6RxQ4WnvGNb_-fmBmRVM8STGbQmyWCDLyoMrG4NO_HPUHS8A=s176-c-k-c0x00ffffff-no-rj,False
Ugyv-PY-6vBBx6yEWG94AaABAg.9RfKGJ5jTnM9Rfcj1tRo3r,I am 16 and I only know python and c++ ğŸŒšğŸŒğŸŒšğŸŒ,7 months ago,Zombie Killer,UCB7LVZmw8pf54VR6Atj5NdA,38,https://yt3.ggpht.com/xaS-mu6-_sTXPHMZra8DllDynYsT1lSabqRjXL2pmgO7px1LdIwXB5MQ_cMnrQ6Ipf4TNTroyGc=s176-c-k-c0x00ffffff-no-rj,False
Ugyv-PY-6vBBx6yEWG94AaABAg.9RfKGJ5jTnM9RfgvJEP0be,Here I'm 21 just figured out that i can get input from html to python using flask from cs50 meanwhile he is teaching machine learning ğŸ˜¬ wth,7 months ago,Fake,UCFw6yUFo5VL8t7iYd_gYQ_A,24,https://yt3.ggpht.com/ytc/AKedOLRuerPUAk0EIYu_Qr2CTacVVPuGyGiRM6xO_yy9=s176-c-k-c0x00ffffff-no-rj,False
Ugyv-PY-6vBBx6yEWG94AaABAg.9RfKGJ5jTnM9Rgg091wTgB,"Thanks, My Goal from this course is to deliver hardest in simple way and in very depth. I was working on this from the past 2 months,",7 months ago,Newera,UC_sl8H2k4xC9RLqyHsnDkcA,10,https://yt3.ggpht.com/h_pAhp1zCDKTlesrjN__Eg1UqClU53rUqlvO_1MKCDx3T-WOBdVHSKFddvjkz4FOdG6h3z65=s176-c-k-c0x00ffffff-no-rj,False
Ugyv-PY-6vBBx6yEWG94AaABAg.9RfKGJ5jTnM9Rgr0DG3XFe,"here i am 33 year old, 2nd year of computer science degree wondering if a mistyped a semicolon",7 months ago,Scantanious Combustion,UCKbVf3bxfdErzrqehS3NWjA,43,https://yt3.ggpht.com/ytc/AKedOLSToPvJMVbNZ38-BEwp0xiEdgESCBSHNHJ0S-ik=s176-c-k-c0x00ffffff-no-rj,False
Ugyv-PY-6vBBx6yEWG94AaABAg.9RfKGJ5jTnM9Rgs2MbYo9h,Nowdays 6 year olds are learning programming ğŸ¥ºâ˜ ï¸,7 months ago,Zombie Killer,UCB7LVZmw8pf54VR6Atj5NdA,8,https://yt3.ggpht.com/xaS-mu6-_sTXPHMZra8DllDynYsT1lSabqRjXL2pmgO7px1LdIwXB5MQ_cMnrQ6Ipf4TNTroyGc=s176-c-k-c0x00ffffff-no-rj,False
Ugyv-PY-6vBBx6yEWG94AaABAg.9RfKGJ5jTnM9RhIKasCpMc,Â @Relaxing Ambient MusicÂ  I am 28 years old Engineer + MBA. Still learning from this kid â˜ºï¸â˜ºï¸,7 months ago,Geeky Programmer,UCS0Huu2dxo9ZzjYC_2QO1oA,10,https://yt3.ggpht.com/ytc/AKedOLTlRl4sQkGvDTGK-fOHRdZgxBxfM8t68SlG9D42=s176-c-k-c0x00ffffff-no-rj,False
Ugyv-PY-6vBBx6yEWG94AaABAg.9RfKGJ5jTnM9RhTQ5n47Pj,Â @Geeky ProgrammerÂ  same here,7 months ago,Adi purnomo,UC3wizenGis6c-0HmBOtZiqg,1,https://yt3.ggpht.com/ytc/AKedOLS5n5PuQYD_pnWIeqTX8jugH4uhLg32Mf9eGjAz=s176-c-k-c0x00ffffff-no-rj,False
Ugyv-PY-6vBBx6yEWG94AaABAg.9RfKGJ5jTnM9Rhm1HponGn,Â @FakeÂ  still better than a lot of people,7 months ago,Pushpinder Brar,UCMmMDm0mI7m1WtvTRIsqnCQ,2,https://yt3.ggpht.com/ytc/AKedOLSAKby-bDIEdseeLF2mjoCT2N5qpyQ5Gxdp-tepnA=s176-c-k-c0x00ffffff-no-rj,False
Ugyv-PY-6vBBx6yEWG94AaABAg.9RfKGJ5jTnM9RhwD4bQphx,rofl,7 months ago,Mc Ray,UCDzni_M1ICyisIG9xOFqoYw,0,https://yt3.ggpht.com/ytc/AKedOLRqy0dy2l5MQr5ilDBprs0qO04pwo3IhBQZ3nwbnA=s176-c-k-c0x00ffffff-no-rj,False
Ugyv-PY-6vBBx6yEWG94AaABAg.9RfKGJ5jTnM9RhxnItbDYU,Â @FakeÂ  way better than many people actually!,7 months ago,Geeky Programmer,UCS0Huu2dxo9ZzjYC_2QO1oA,1,https://yt3.ggpht.com/ytc/AKedOLTlRl4sQkGvDTGK-fOHRdZgxBxfM8t68SlG9D42=s176-c-k-c0x00ffffff-no-rj,False
Ugyv-PY-6vBBx6yEWG94AaABAg.9RfKGJ5jTnM9Ri-FjQpVhs,"Â @FakeÂ  don't worry here I am 23 and still worrying about all of it, but man we had to try it harder",7 months ago,Huntik pro,UCLej7Pg745iehUnEpEB8dcQ,0,https://yt3.ggpht.com/Qk-yFTgdhpk-OlsqxnYTfLUCLQtaWlct6OEl9BjF56vwVcJ-W4CE-jsLKs-N12c-398F4WPQ_Ls=s176-c-k-c0x00ffffff-no-rj,False
Ugyv-PY-6vBBx6yEWG94AaABAg.9RfKGJ5jTnM9Ri-jVwmwq7,Â @Geeky ProgrammerÂ   I am 23 and worrying alot about everything,7 months ago,Huntik pro,UCLej7Pg745iehUnEpEB8dcQ,0,https://yt3.ggpht.com/Qk-yFTgdhpk-OlsqxnYTfLUCLQtaWlct6OEl9BjF56vwVcJ-W4CE-jsLKs-N12c-398F4WPQ_Ls=s176-c-k-c0x00ffffff-no-rj,False
Ugyv-PY-6vBBx6yEWG94AaABAg.9RfKGJ5jTnM9RiByxs9KCY,Â @Zombie KillerÂ  yo me to,7 months ago,Henan Henan,UCKQGTxGSE6VxdH-Y3XEMM_w,0,https://yt3.ggpht.com/ytc/AKedOLSLOAroxzGgScU7P2B_cpIKHmov_rAgyjaLrQ=s176-c-k-c0x00ffffff-no-rj,False
Ugyv-PY-6vBBx6yEWG94AaABAg.9RfKGJ5jTnM9RiEOW46mel,"Â @Zombie KillerÂ  coming from a fellow 15yo, you don't need to know a ton of languages to be a good programmer. You just need to master them, as for me I know the same languages, python for small and fun projects and C++ for competitive programming. With passion and dedication all will come sooner or later!",7 months ago,Dragono,UCMaXHMjemwBx4yaO6g3H1Cg,0,https://yt3.ggpht.com/ytc/AKedOLQqE96mMr-Jcpvb85nBUAWBrBd3IraKA5On6QCS=s176-c-k-c0x00ffffff-no-rj,False
Ugyv-PY-6vBBx6yEWG94AaABAg.9RfKGJ5jTnM9RiUqOvfxFc,Â @Huntik proÂ  I was same like you when I was 23. Just work hard and trust in God. You will definitely succeed.,7 months ago,Geeky Programmer,UCS0Huu2dxo9ZzjYC_2QO1oA,1,https://yt3.ggpht.com/ytc/AKedOLTlRl4sQkGvDTGK-fOHRdZgxBxfM8t68SlG9D42=s176-c-k-c0x00ffffff-no-rj,False
Ugyv-PY-6vBBx6yEWG94AaABAg.9RfKGJ5jTnM9Rj8HJpbg0x,Â @Geeky ProgrammerÂ  Thanks man ğŸ‘ğŸ‘ğŸ‘,7 months ago,Huntik pro,UCLej7Pg745iehUnEpEB8dcQ,0,https://yt3.ggpht.com/Qk-yFTgdhpk-OlsqxnYTfLUCLQtaWlct6OEl9BjF56vwVcJ-W4CE-jsLKs-N12c-398F4WPQ_Ls=s176-c-k-c0x00ffffff-no-rj,False
Ugyv-PY-6vBBx6yEWG94AaABAg.9RfKGJ5jTnM9RjdSPn3syj,"True, he's going better and better. With good subject introduction and practical example explained in simple terminology, many other people can learn the subject. I think that the subject was over explained that make it harder to learn that it supposed to be! Good instructor can deliver better of any subject and make the students simpler to grab the key concept",7 months ago,Shamsul TehAhmad,UCoEds_A1JyDDc5uTAdKtp5Q,0,https://yt3.ggpht.com/ytc/AKedOLRzJ3gqfljS52JJXm6bZr245B2TPlEmjGafP3VSFQ=s176-c-k-c0x00ffffff-no-rj,False
Ugyv-PY-6vBBx6yEWG94AaABAg.9RfKGJ5jTnM9Rjpk8Og3OM,Yes,7 months ago,Subramanian Chenniappan,UC9lxNE99cnaMQCb5Nmq-aCA,0,https://yt3.ggpht.com/ytc/AKedOLQocPLlCWBg30CNLLWNibGYOcT0J46iXJlxlA=s176-c-k-c0x00ffffff-no-rj,False
Ugyv-PY-6vBBx6yEWG94AaABAg.9RfKGJ5jTnM9RkLtRYuZ5f,Twisted: it is the machine learning make him younger than actually he is.,7 months ago,Slow and stedy,UCDExoSv5Yx1wh_NRQl20Efg,0,https://yt3.ggpht.com/ytc/AKedOLTJcfMT5PwsGs1WsLtACOoK6CGQhgwAdjQnl64LlAl1I_npbjDq3kCFuSRsUczY=s176-c-k-c0x00ffffff-no-rj,False
Ugyv-PY-6vBBx6yEWG94AaABAg.9RfKGJ5jTnM9RkoWeXWsSx,Kids are talented man. Great kid.,7 months ago,BrimstoneTheEntryFragger,UCWk0XEFt-yLmht64mxPsRjw,0,https://yt3.ggpht.com/pQd_uKopMoyTsMqcxJv8HHyRqY4FqPennDH4E8SfKv-BW9cemWwC9Yeq7Vg1BFDUXA2xYwoRxA=s176-c-k-c0x00ffffff-no-rj,False
Ugyv-PY-6vBBx6yEWG94AaABAg.9RfKGJ5jTnM9RrU6Y3loyH,I am fully agree with you broski!^^,6 months ago (edited),Fallen Star,UC7odW9Ga715o50L45QX5wZw,0,https://yt3.ggpht.com/ytc/AKedOLTyK4os_AUBmYKkvfkK39Sg-92dHny0JtZZWq1uRA=s176-c-k-c0x00ffffff-no-rj,False
Ugyv-PY-6vBBx6yEWG94AaABAg.9RfKGJ5jTnM9RxP0n5NSbe,I can't seem to find the notebooks used in this tutorial. Can anyone help me??,6 months ago,Akash Manoj Choudhary,UC33_w6E2iTk-ekGqjFOUd9A,0,https://yt3.ggpht.com/ytc/AKedOLR7i65Jd-R96ApIQotNoe7fZh9Oil2mdGaP8A=s176-c-k-c0x00ffffff-no-rj,False
Ugyv-PY-6vBBx6yEWG94AaABAg.9RfKGJ5jTnM9Rz3KYHIY6I,I'm 22 and I don't even know English and I took a major I don't even like studying ğŸ¤¡,6 months ago,LOL LOL,UC-HYj2KFpLJ0jX6bxpXyT3Q,1,https://yt3.ggpht.com/ytc/AKedOLSVOYGXc1reZt_Kq0cpeww-bx31yQSzlsfEbNZ4=s176-c-k-c0x00ffffff-no-rj,False
Ugyv-PY-6vBBx6yEWG94AaABAg.9RfKGJ5jTnM9S23ESalQZ2,Â @Zombie KillerÂ  there are 30 year olds that are just starting to learn html and css,6 months ago,jl91,UCoNns_1c-vmA188PefsMiWQ,2,https://yt3.ggpht.com/zVW5xPvMoysEmfbTrUTTQAArEarYPXtux0be1QY92Jat9AUDVL2Po1F4FCJQjBz9rSI5i9kr=s176-c-k-c0x00ffffff-no-rj,False
Ugyv-PY-6vBBx6yEWG94AaABAg.9RfKGJ5jTnM9TvNCSNGeGL,This is how Youngest Muslim Comquereres...defeated Hindus and ruled over India for 800+ years,5 months ago,Ahmed Rehan,UCDOjfB33SmvSVS2Vtm6v1Iw,0,https://yt3.ggpht.com/ytc/AKedOLQpZ11eCAwY3KQHwoloTsUR3_7PMXgKf3d2XG7SAQ=s176-c-k-c0x00ffffff-no-rj,False
Ugyv-PY-6vBBx6yEWG94AaABAg.9RfKGJ5jTnM9UKoOi30_y0,Â @Scantanious CombustionÂ  lol,4 months ago,Kevin Q,UCcKoGTXuSyv1ayElAQJcf0Q,0,https://yt3.ggpht.com/ytc/AKedOLTcPVz8nlj500c2tjI0Dy-g0Ydh-mCp_qSV5Q=s176-c-k-c0x00ffffff-no-rj,False
Ugyv-PY-6vBBx6yEWG94AaABAg.9RfKGJ5jTnM9URWmyDPHcw,I'm over 60 still learning!,4 months ago,Explorer Endeavour,UCwVQCUdi40vtje_eurSlYJw,1,https://yt3.ggpht.com/ytc/AKedOLQTzANG8dnL3z3PPfmGudNTYCN82YRNDGT2xAg-SYE=s176-c-k-c0x00ffffff-no-rj,False
Ugyv-PY-6vBBx6yEWG94AaABAg.9RfKGJ5jTnM9VfrAkanSQC,"And there was me,Was eating mud at his age",3 months ago,Mahesh Shelke,UCtPmbzS6MOEd3zBOt4utaUA,1,https://yt3.ggpht.com/ytc/AKedOLRqFvNbzKg7ODanRJWlA0a9lzWNtcWeiN-sE6zC9Q=s176-c-k-c0x00ffffff-no-rj,False
Ugyv-PY-6vBBx6yEWG94AaABAg.9RfKGJ5jTnM9W6Hid0stch,What happens to this kid,3 months ago,Das Das,UCKBvG-bAkalxI70rzVjTZ3g,0,https://yt3.ggpht.com/ytc/AKedOLSRmNF2d4ajYvFApETz-BE6uxSedNZQ41P9SA=s176-c-k-c0x00ffffff-no-rj,False
Ugyv-PY-6vBBx6yEWG94AaABAg.9RfKGJ5jTnM9XVj76ixxhC,"Bro, you don't know programming or are bad at programming, that's why you are saying this... if you understand it, it's pretty darn easy...",2 months ago,Buddhadeb Sarkar,UCGi21QMlP172WBmsFCnuBdQ,0,https://yt3.ggpht.com/ytc/AKedOLRSjgyYbNu5ed8eJ4ggYlJ_8xQLazfj1OqB5SL12g=s176-c-k-c0x00ffffff-no-rj,False
Ugyv-PY-6vBBx6yEWG94AaABAg.9RfKGJ5jTnM9X_wTfGfuNI,i am 15 too,2 months ago,Master chess,UCDKVtuxjoQrgLspmk0RaE_A,1,https://yt3.ggpht.com/ytc/AKedOLSEx5HsXO_JPbnoj4zu7lwTU1R0v5ymClst43K4=s176-c-k-c0x00ffffff-no-rj,False
Ugyv-PY-6vBBx6yEWG94AaABAg.9RfKGJ5jTnM9XkX0b_juwZ,"As an American someone so young and knowledgeable is quite strange to see. My state of Oregon just removed requirements for students to be proficient in math & reading in order to get a HS diploma. American 15 year olds are not smart.
Good to see at least one useful teen, but I am afraid the US is finished. I weep for the future.",2 months ago,Peter Belanger,UC-5532mUTkJee_T7q22rW8w,0,https://yt3.ggpht.com/ytc/AKedOLS41lY-F9krls6RhrnT71bT_Ze1uLZXRZL8Jg=s176-c-k-c0x00ffffff-no-rj,False
Ugyv-PY-6vBBx6yEWG94AaABAg.9RfKGJ5jTnM9XkqkV4uMDS,I bet Indian parentâ€™s give examples of him to kids like meğŸ¤¦ğŸ»â€â™‚ï¸,2 months ago,Manny Chakal,UCIchGX7hLVuCZWfKmpGjYNA,0,https://yt3.ggpht.com/ytc/AKedOLTFzQvqqdUPnoL_CQggN2jonRoGo_I1_f-l1suIpw=s176-c-k-c0x00ffffff-no-rj,False
Ugyv-PY-6vBBx6yEWG94AaABAg.9RfKGJ5jTnM9Xl2T_CusoK,"The plot twist... it's not a kid, it's an AI-generated kid. ğŸ˜‚ğŸ˜‚ğŸ˜‚ğŸ˜‚",2 months ago,Gilberto Junqueira,UC5sLUkYjiXzpmQwjncB1JXw,1,https://yt3.ggpht.com/ytc/AKedOLRUcQFWq6QblRddiHvzSVz9GC9K4Jz3WC38N0Gpxw=s176-c-k-c0x00ffffff-no-rj,False
Ugyv-PY-6vBBx6yEWG94AaABAg.9RfKGJ5jTnM9YgNVO4pysl,"Â @Geeky ProgrammerÂ  Learning is not a race, everybody has its own pace , the only struggle you have is with yourself, we are greatfull that we can learn from those who knows more and by that we little progress in our goal and try to share your  knowledge to someone else",1 month ago,confidential303,UCRZM5iQLgzkMBtr9qzBp_9w,1,https://yt3.ggpht.com/ytc/AKedOLS79WJXtuGxHei6G6-a86Z_foXbvdmRuFQjzw=s176-c-k-c0x00ffffff-no-rj,False
Ugyv-PY-6vBBx6yEWG94AaABAg.9RfKGJ5jTnM9_D9Jf-DNzd,I am 43..i just started learning ML in this age..from a15 year old champ...can i make it? still confused,2 days ago,Affaaf TV,UCKlcLgag6VhNIJbilsah5BA,0,https://yt3.ggpht.com/ytc/AKedOLQpnR_DDzyPoCPR3CBhw5DEcUChLOe4sHQ8_UvDbw=s176-c-k-c0x00ffffff-no-rj,False
UgzR8wWbmPWVlvqB9Cx4AaABAg.9RolzGoETAn9RvHNPH8x8E,so true man,6 months ago,Frank Fernandes,UClcqMa_Scb2NuwJKVr1aYjA,6,https://yt3.ggpht.com/ytc/AKedOLSonGGj4226WPgDkBkA30_v_kW-7MWaWlt9yG3vaw=s176-c-k-c0x00ffffff-no-rj,False
UgzR8wWbmPWVlvqB9Cx4AaABAg.9RolzGoETAn9S6jSP0g36r,I dont know what i've done with my life xD. i'm 22,6 months ago,Anderson Jimenez Santana,UCKy6K0Yf8tJXBWoDxbYykIQ,50,https://yt3.ggpht.com/ytc/AKedOLTWMbFV2QsXGXqY9t1dn3M53qg4tAgOz5q-HA=s176-c-k-c0x00ffffff-no-rj,False
UgzR8wWbmPWVlvqB9Cx4AaABAg.9RolzGoETAn9SDkI7LooCe,"Â @Anderson Jimenez SantanaÂ  Im a CS undergrad and now, I feel the same",6 months ago,Harshita Singh,UCXDfHr47zifhraEQbqJ9fhQ,15,https://yt3.ggpht.com/ytc/AKedOLTh-eaUvPTQQjvrDKBxd_Oa9wcsWN8lTCAYOYOB4fg=s176-c-k-c0x00ffffff-no-rj,False
UgzR8wWbmPWVlvqB9Cx4AaABAg.9RolzGoETAn9SPRHMrPjGo,"Â @Anderson Jimenez SantanaÂ  almost 22 and can do nothing, hi",6 months ago,Errror42,UCvblQ4rXJXDb1fE-khqsrxQ,8,https://yt3.ggpht.com/ytc/AKedOLQGjxpV1dmXqf4vNwvSn0waQHmjKfCj5EHSCXq0=s176-c-k-c0x00ffffff-no-rj,False
UgzR8wWbmPWVlvqB9Cx4AaABAg.9RolzGoETAn9SYsAvd5TzQ,Â @Anderson Jimenez SantanaÂ  i wanna die XDD,6 months ago,Prajwal Deep Khokhar,UCV1kjvaNSJ5SpYXrCAzxm2g,8,https://yt3.ggpht.com/ytc/AKedOLSJ4vDMtpJ6SL_d7nGjek6KLUV8vFfQCyYMVWyFTyw=s176-c-k-c0x00ffffff-no-rj,False
UgzR8wWbmPWVlvqB9Cx4AaABAg.9RolzGoETAn9T19WmbtZMS,ğŸ˜‚ğŸ˜‚ğŸ˜‚,5 months ago,Lavanya S,UCeBMFTtlvqsNL5l9FFv11RQ,1,https://yt3.ggpht.com/ytc/AKedOLRPVTAcenRLWJGBG3oDdCCesST0FQ24s1jnTDPU_Q=s176-c-k-c0x00ffffff-no-rj,False
UgzR8wWbmPWVlvqB9Cx4AaABAg.9RolzGoETAn9T4xzSo3367,"as a kid i did programs on commodore 64, too bad i didnt continue",5 months ago,MrMike44v,UCLpv45bZhbKOyzciAX20Taw,1,https://yt3.ggpht.com/ytc/AKedOLSHPsyN4PGozToR-ATFq6YLSZWzGhR9-B2W2A=s176-c-k-c0x00ffffff-no-rj,False
UgzR8wWbmPWVlvqB9Cx4AaABAg.9RolzGoETAn9UWETqRhZ9e,ğŸ¤£ğŸ¤£ğŸ¤£,4 months ago,rafsan goni,UCF4nB2ULrWGhWC60tjzO4BA,0,https://yt3.ggpht.com/ytc/AKedOLRS66cThNyMcpdPc8wUZenaalmRtDNuZAVitiBn=s176-c-k-c0x00ffffff-no-rj,False
UgzR8wWbmPWVlvqB9Cx4AaABAg.9RolzGoETAn9VQ5npr4n7g,Literally,4 months ago,Top  Buggout,UCq1_BYpY7wrDz1p1i0dB36w,0,https://yt3.ggpht.com/ytc/AKedOLQlMMftPycC-NRf11xhlwty0sUDJXl1_wVHq_gve4CHDSTMvjI2oWDMotadsH58=s176-c-k-c0x00ffffff-no-rj,False
UgzR8wWbmPWVlvqB9Cx4AaABAg.9RolzGoETAn9VWZKFl9l1W,ğŸ˜‚ğŸ˜‚ğŸ˜‚yeah,3 months ago,Chathere,UCBIO3q0SbILzlf0bG_HWb5A,1,https://yt3.ggpht.com/bAF9Uei1qQf6GqjIF3GK3cR4Bu7Jn-K1IfJeNEvjEVSmcvoMbVcYhLFHwUEffzVTBzTZ54mehQ=s176-c-k-c0x00ffffff-no-rj,False
UgzR8wWbmPWVlvqB9Cx4AaABAg.9RolzGoETAn9VaYuS_4IWH,Overtime?,3 months ago,Mathew Nicholls,UCGbvj411y5L6qp7OaW3r9Mg,0,https://yt3.ggpht.com/ytc/AKedOLRxRe4_eWVOBNzd5y8VHvsnk-e1AVOvbtJOE-9Sjw=s176-c-k-c0x00ffffff-no-rj,False
UgzR8wWbmPWVlvqB9Cx4AaABAg.9RolzGoETAn9W4eN0vvdBs,So fckin true. ğŸ˜‚,3 months ago,Nur Yasin,UCTEZV5GDBtnciymtdG42YFw,0,https://yt3.ggpht.com/ytc/AKedOLSD_nHtkIyvfUiar_OFactYPlQrPefKE6mEFA=s176-c-k-c0x00ffffff-no-rj,False
UgzR8wWbmPWVlvqB9Cx4AaABAg.9RolzGoETAn9W8TFYj-HgU,Not more than 15 years of age,3 months ago,Abhinav Singh,UC2xLnO-21u5CQIhitOyzWSA,0,https://yt3.ggpht.com/ytc/AKedOLQy6FgHy66K93xI-Jln-kdBPD6hGZjA17Cb3g=s176-c-k-c0x00ffffff-no-rj,False
UgzR8wWbmPWVlvqB9Cx4AaABAg.9RolzGoETAn9WewgOvdueY,"why are here so many 22 yr olds in comts ,me 22 too",3 months ago,barca10,UCJxiJJ3ZW60_3tM6NUh2OaQ,1,https://yt3.ggpht.com/owcc9a-1zo0FO7V1SiReZfCwD7ttLFTjRtVRG_ph9IRK8PXCWINir9WvewGqC7ahoDItjup3TFU=s176-c-k-c0x00ffffff-no-rj,False
UgzR8wWbmPWVlvqB9Cx4AaABAg.9RolzGoETAn9XkXYABdBMO,"I'm jealous because all I had when I was 15 was an 8 bit processor with 32k of ram, and a cassette to save files to.
Machine learning? in 1985? LOL, all I had was basic on a TI-99/4A
Now I'm too old and broken, you kids are trampling my generation.
I'm tired of computers anyway, they really haven't done as good for the world as they said they would.
""The future"" sucks.",2 months ago,Peter Belanger,UC-5532mUTkJee_T7q22rW8w,0,https://yt3.ggpht.com/ytc/AKedOLS41lY-F9krls6RhrnT71bT_Ze1uLZXRZL8Jg=s176-c-k-c0x00ffffff-no-rj,False
UgzR8wWbmPWVlvqB9Cx4AaABAg.9RolzGoETAn9YKk5Q2znVR,By a 16 year oldğŸ¤£ğŸ¤£ğŸ˜…ğŸ˜…,1 month ago,Oi,UCh2vDYLi4jt3wQSjQf62N0w,0,https://yt3.ggpht.com/ytc/AKedOLReUPXsOcAI2yHhuH6Ta_6TteztubBXr2EZkz9BmGJvwP5j5FIuwk-KL2La3H4bSw=s176-c-k-c0x00ffffff-no-rj,False
UgzR8wWbmPWVlvqB9Cx4AaABAg.9RolzGoETAn9_7oAbzkE3i,"Â @Anderson Jimenez SantanaÂ  Im MSc, 27 years old and feel the same hahaha",4 days ago,Martin Cervantes,UCGDW49YTFKx6sn-tQeRpbzA,1,https://yt3.ggpht.com/ytc/AKedOLT7VfdqH64zOyw9buQOaCUxZgO9szc1kM7SW8dHGm9Q2dUBgPitvLXTFwSi4SNm=s176-c-k-c0x00ffffff-no-rj,False
UgyAH491zXX6GxtCrhZ4AaABAg.9RfnaIHVIiZ9RgGMvKt-eX,Thanks Man,7 months ago,Creative fantasybox,UCXW9LYEDxG64QkbHkHSVlaA,5,https://yt3.ggpht.com/ytc/AKedOLSSYCnkcaEYX3s-1qYiIRcisHmjUltsIfu9pA=s176-c-k-c0x00ffffff-no-rj,False
UgyAH491zXX6GxtCrhZ4AaABAg.9RfnaIHVIiZ9RiVqiRF2yL,merci bcp,7 months ago,Mahmoud Bouzid,UCBsvog8a61xXi5sriH_s-Vw,1,https://yt3.ggpht.com/ytc/AKedOLRiuZF2wQwdV_Na_9y95izXrdaztEWOyNuXvlBY=s176-c-k-c0x00ffffff-no-rj,False
UgyAH491zXX6GxtCrhZ4AaABAg.9RfnaIHVIiZ9Rio41AK5r8,Thank you ğŸ˜Š,7 months ago,Rajmanov,UCFXs5OwBSU6i6gsAF8ucwvA,2,https://yt3.ggpht.com/ytc/AKedOLQq6Ba9Chxr5tStDvWRsSK_RYEKRdarz0XWLw=s176-c-k-c0x00ffffff-no-rj,False
UgyAH491zXX6GxtCrhZ4AaABAg.9RfnaIHVIiZ9Rio5UqEoDe,Gracias papucho,7 months ago,Rajmanov,UCFXs5OwBSU6i6gsAF8ucwvA,2,https://yt3.ggpht.com/ytc/AKedOLQq6Ba9Chxr5tStDvWRsSK_RYEKRdarz0XWLw=s176-c-k-c0x00ffffff-no-rj,False
UgyAH491zXX6GxtCrhZ4AaABAg.9RfnaIHVIiZ9S21CjfAnxa,Thank you for your kindness ğŸ‘,6 months ago,Jerry Fan,UCjZokRtGwto-NalqanHRF7A,0,https://yt3.ggpht.com/ytc/AKedOLTgwQCquT3rZRvTw13JVs6WC7PH_9FPfA9ojQ=s176-c-k-c0x00ffffff-no-rj,False
UgyAH491zXX6GxtCrhZ4AaABAg.9RfnaIHVIiZ9SDJ7oJefhz,Thanks bud,6 months ago,Don Rickles,UCQlfgXpF0SR1V-8sBoOF4Nw,0,https://yt3.ggpht.com/ytc/AKedOLTt-YT1lcZQAgk8XRq45B8crJyhyRoMJWUunqFD=s176-c-k-c0x00ffffff-no-rj,False
UgyAH491zXX6GxtCrhZ4AaABAg.9RfnaIHVIiZ9SDnb4FV0J-,Thanks,6 months ago,Anukul Jena,UC0SWk-FV3iJeyCXNvj_KtdA,2,https://yt3.ggpht.com/ytc/AKedOLSJfajnNs_L6C6IFvcRjTH4H0l9j9IbL_PC5BmJm4g=s176-c-k-c0x00ffffff-no-rj,False
